{
    "timestamp": "2025-03-08_18-09-37",
    "weights": {
        "Completezza": 0.2143795086708314,
        "Consistenza": 0.2144091693071436,
        "Correlazione": 0.041595467769484896,
        "Duplicazione": 0.0,
        "Sbilanciamento classi": 0.0,
        "Metrica outlier": 0.024228446403415354,
        "Overlap classi": 0.21384043721265303,
        "Tasso errore": 0.01946357903456894,
        "Volume dati": 0.27208339160190276
    },
    "max_correlation": 0.9309197268996526,
    "Q_values": [
        0.7772709339235095,
        0.7791355428841718,
        0.7794771658545162,
        0.7799204135879871,
        0.7746768929460819,
        0.7632661630289856,
        0.7793660692964948,
        0.7829732030324613,
        0.7786920222663256,
        0.7777070871697622,
        0.7759502125773844,
        0.7407503656174055,
        0.7768578707437794,
        0.7811138052874225,
        0.7791338451927057,
        0.7834854989862127,
        0.7803718223456237,
        0.7389398332040396,
        0.7783444346366782,
        0.7824052737121171,
        0.775882174355045,
        0.7837397674715663,
        0.7755221860295369,
        0.736640402977072,
        0.7786539705226052,
        0.7838705436495511,
        0.7817183241858507,
        0.7839144516538641,
        0.7763244562409967,
        0.7732599120066624,
        0.7773264688335981,
        0.783177315667168,
        0.7772774257670383,
        0.7830743937421475,
        0.7781421924021195,
        0.7834582807151105,
        0.7777693159595203,
        0.7809646931133407,
        0.7768470092019685,
        0.7837519753731681,
        0.7775626805990876,
        0.7833142673422756,
        0.7763865166237569,
        0.7536522153643423,
        0.7789146660649668,
        0.7464480005245487,
        0.7770270623222694,
        0.7839462169138922,
        0.7760437499463874,
        0.7831388114081566,
        0.7777624315332231,
        0.7841518574486332,
        0.7797887213453566,
        0.7792623937218817,
        0.7800202658410873,
        0.7581342103679841,
        0.7754432104510545,
        0.783757991490108,
        0.7775251388592753,
        0.7538764706468959,
        0.7791354045963056,
        0.743378431901511,
        0.778275127062547,
        0.7651381776371831,
        0.7777257617101248,
        0.7429215118619634,
        0.7779305879576136,
        0.7666184596599391,
        0.7799068565417866,
        0.7347179048623109,
        0.777551366929347,
        0.7814609110689182,
        0.777394998291216,
        0.7595145238373149,
        0.7781601473502536,
        0.7659113513376895,
        0.7763196160298428,
        0.7745028116685988,
        0.7795476404025119,
        0.7802391560739368,
        0.7786294671350276,
        0.7788852532128252,
        0.7813751202470876,
        0.7789809337566621,
        0.7765565438399794,
        0.7803882365982526,
        0.7789625055539215,
        0.7830917304957006,
        0.7754856558183846,
        0.7394215066928775,
        0.7764351252175495,
        0.7832535122606972,
        0.7787579107403202,
        0.7823382170888981,
        0.7786505267894464,
        0.7833759027496174,
        0.7815197631169016,
        0.7834456669744982,
        0.779959761041872,
        0.7685813535428303
    ],
    "metadata": {
        "n_experiments": 100,
        "metric_names": [
            "Completezza",
            "Consistenza",
            "Correlazione",
            "Duplicazione",
            "Sbilanciamento classi",
            "Metrica outlier",
            "Overlap classi",
            "Tasso errore",
            "Volume dati"
        ]
    }
}